<?xml version="1.0" encoding="UTF-8" standalone="yes"?>
<addon id="plugin.video.afreecatv" version="0.0.1" name="Afreecatv" provider-name="kor Afreeca">
<requires>
  <import addon="xbmc.python" version="2.26.0"/>
  <import addon="script.module.requests" version="2.22.0"/>
</requires>
<extension point="xbmc.python.pluginsource" library="main.py">
  <provides>video</provides>
</extension>
<extension point="xbmc.addon.metadata">
  <summary lang="en">AfreecaTV Plugin</summary>
  <description lang="en_GB">AfreecaTV plugin for Kodi mediacenter.</description>
  <disclaimer lang="en_GB">now.naver.com</disclaimer>
  <summary lang="ko_kr">아프리카티비</summary>
  <description lang="ko_kr">코디용 아프리카티비.</description>
  <disclaimer lang="ko_kr">now.naver.com</disclaimer>
  <assets>
    <icon>icon.png</icon>
  </assets>
  <news>변경사항</news>
</extension>
</addon>
